防风,白芷#4．5g
防风0.6g,羌活0．9g,红豆2个
防风30g,黄芪,白术#60g
地骨皮,防风#30g,炙甘草7.5g
地骨皮30g,防风30g,甘草15g
防风,芍药,黄芩#30g
牡蛎,白术,防风#90g
川花椒3g,北细辛3g,香白芷3．6g,青防风6g
干葛,防风,石膏,甘草
大戟90g,露蜂房,细辛#30g,防风15g
防风,荆芥,甘草,牛蒡子#等分
升麻,荆芥穗,防风#15g,细辛30g
甘菊花,旋覆花,防风,石膏#等分
天麻,天南星,防风#30g,薄荷叶15g
茯苓9g,防风,麦冬,黄芩#6g
地骨皮60g,防风30g,甘草15g,麦冬30g
大黄,荆芥穗,川芎,防风#等分
黑牵牛,甘草#120g,防风30g,牛蒡子240g
天南星30g,菊花22．5g,自然铜30g,防风15g,川芎30g
黄芪,赤小豆#30g,土蒺藜,枳实#15g,防风30g
牡蛎22．5g,白术30g,白芷10．5g,甘草9g,防风15g
升麻,桔梗,甘草#1．5g,防风,玄参#3g
茯苓30g,薏仁30g,柴胡6g,防风,甘草#3g
细辛0．6g,炙甘草1g,升麻2．1g,防风3g,草龙胆12g
石膏,茵陈,黄芪,白术,防风
花椒,川芎#15g,白芷,防风,干姜#0．3g
防风,川芎,天麻,甘草#60g,朱砂15g
麦麸,防风,白术,牡蛎,黄芪#4.5g
苏叶,防风,川芎#4．5g,陈皮3g,甘草2g
白术500g,蔓荆子30g,防风30g,附子15g,桂心15g
全蝎8个,防风8g,僵蚕15g,天麻30g,川乌1个,南星1个
人参,麻黄,白术,防己,防风#等分,桑白皮倍加
薄荷500g,川芎,防风#60g,桔梗150g,砂仁15g,甘草120g
人参,蔓荆子#1．5g,防风3g,葛根4．5g,黄芪9g,甘草12g
川芎,龙脑薄荷叶#2．25kg,细辛150g,防风750g,桔梗3kg,甘草1．05kg
僵蚕3g,防风9g,天萝子27g,陈白梅7个,胆矾少许,酸米醋少许
当归,熟地,白芍,川芎120g,防风,制苍术#21g
柴胡3～9g,防风3g,陈皮4．5g,芍药6g,甘草3g,生姜3～5片
黄芪,防风,白茯苓,白术,麻黄根,节#15g,甘草6g
桔梗2．5g,甘草4．5g,射干,牛蒡子#2g,防风,玄参
白术,厚朴,甘菊花#15g,人参,白芷,防风#30g
白术30g,酸枣仁30g,麻黄根60g,防风30g,白龙骨75g,黄芪60g
川芎,薏苡仁#60g,细辛,防风,地骨皮,柳枝#30g
防风,钟乳粉,牛黄,白术#15g,熟地黄,甘草#0．9g
防风30g,甘菊花30g,牛蒡子30g,白附子30g,前胡30g,石膏60g
防风,陈皮,细辛,金银花,荆芥,枳壳#等分
麦冬,柴胡,防风,半夏,赤茯苓,犀角#15g
细辛,防风,川大黄,黄芩#7．5g,花椒15g,蜡15g
龙胆草4．5g,黄连,防风#3g,升麻2．1g,草豆蔻10粒,北细辛0．6g,炙甘草1．2g
紫荆皮12g,荆芥穗,薄荷叶#9g,僵蚕,苦桔梗,防风#6g,甘草4．5g
天麻,防风,甘草,川芎,羌活,白芷,麻黄#等分
木通30g,防风15g,栀子仁15g,川升麻30g,石膏60g,麻黄23g,桂心15g
甘草,防风,荆芥,薄荷,黄芩#3g,桔梗9g,玄参3g
生地黄,升麻,川芎,细辛,露蜂房,防风#30g,大皂荚6g
防风,荆芥,连翘,白芷,薄荷,赤芍,石膏
白杨皮45g,地骨皮30g,防风15g,蔓荆子30g,细辛30g,杏仁30枚,生地黄60g
川芎3g,荆芥,防风,桔梗#4．5g,柴胡2．1g,黄芩,当归尾#6g
川乌头,天南星,干姜#30g,甘草,川芎#60g,防风7．5g,天麻15g
川芎,白术,天麻#30g,防风,荆芥穗#15g,细辛3g,甘草7．5g
川芎60g,菊花30g,白芷60g,细辛15g,石膏15g,防风60g,甘草15g
防风,白芷#2．3g,白芍药,熟地黄,当归,川芎#3g,羌活2．3g
防己,桂,麻黄,葛根#60g,甘草,防风,芍药#30g
防风30g,龙骨60g,升麻,赤芍药,,黄芩#30g,葛根,石膏#45g
全蝎7．5g,细辛,藁本,羌活,川芎,防风#15g,白花蛇6g
天竺黄,人中黄#60g,僵蚕<去丝嘴),全蝎,防风,荆芥#30g,麝香3g
鸡苏叶,荆芥穗,桔梗,防风,牛蒡子,甘草#30g,人参15g
川芎3g,桔梗,防风,荆芥穗#4．5g,柴胡2．1g,黄芩,归尾#6g
羌活,独活#3g,藁本,防风,甘草,川芎#1．5g,蔓荆子1g
鸡苏叶,恶实,玄参,甘草#30g,防风,人参,天冬#15g,
细辛,草乌#30g,蝎梢15g,荆芥穗,防风#45g,升麻15g,没食子30g
黄连,连翘,羌活,菊花#60g,防风45g,细辛,甘草#30g
羌活,防风,川芎,人参#30g,干葛,升麻,甘草#15g
当归6g,龙胆草3g,川芎6g,山栀4．5g,羌活6g,防风6g,黄芩6g
草乌头15g,香白芷30g,川芎60g,防风,天麻,甘草#30g,细辛15g
全蝎,香白芷,细辛,荆芥,防风,川芎,花椒#7.5g
桂枝8g,赤芍9g,甘草3g,防风,川芎,羌活#5g,白术9g
防风3g,苏叶嫩枝4．5g,生姜皮38,淡豆豉9g,秦艽4.5g,络石藤9g,鲜葱白4个,嫩桑枝30g
防风180g,人参60g,川芎,细辛,前胡,羌活,白芷#15g,甘草22g
藿香250g,白芷,前胡#500g,黄芪,甘草,人参#1000g,羌活,防风#1．5kg
荆芥穗90g,防风,人参,黄芩,麻黄,肉桂,苍术,甘草#45g
人参,当归#60g,芍药,干桑叶,防风,独活,葛根,甘草#15g
天麻30g,防风60g,细辛15g,薄荷叶15g,川芎30g,甘草30g,吴白芷30g,朱砂30g
玄参15g,乌梅3个,薄荷叶500g,川芎,防风#60g,桔梗15g,砂仁15g,甘草120g
川芎20～30g,荆芥,防风,全蝎荜茇#10～12g,蜈蚣2条,天麻10g,细辛3～6g
川芎,石膏,升麻,细辛,草乌,白芷,防风,羌活
川芎,羌活,蔓荆子,防风,白芷,细辛,藁本,石膏#等分
薄荷叶240g,川芎,荆芥#120g,香附子240g,防风45g,白芷,羌活,甘草#60g
五味子,杏仁,桂心#3g,防风,甘草,赤芍药,川芎#6g,花椒0．9g
苍术9g,防风4．5g,黄连,木香#1．5g,厚朴,陈皮,枳壳#3g,甘草1．2g
生地,黄甘菊,防风,枳壳,决明子,石决明,白芍,茯神#等分
生黄芪310g,防风250g,炒白术250g,桂枝310g,白芍310g,生姜150g,甘草150g,大枣310g
黄芪,防风,白茯苓,白术#0．3g,麻黄根,甘草,牡蛎#1．5g,小麦5粒
川芎,白芷,苏叶,香附#3g,陈皮,防风,羌活#24g,甘草1．5g
淡竹叶24片,防风,人参,桂枝,桔梗,前胡,陈皮,茯苓#3g
大南星25个,大半夏50个,皂荚120g,白矾120g,盐120g,桔梗60g,防风120g,芒硝120g
细辛,蔓荆子#o．9g,葛根,防风#1．5g,当归身2．5g,炙甘草,黄连,人参#3g
防风,甘葛,茯苓#2．4g,麦冬2．4g,芍药,黄芩#1．8g,犀角1．2g,甘草0．9g
防风,天麻,半夏#15g,天南星,干姜,川乌#30g,川芎,甘草#60g
芦荟,防风#15g,白附子,白术,天麻,白芷#30g,朱砂,冰片#3．7g,,
苏叶4．5～9g,防风3～4．5g,光杏仁6～9g,羌活3—4．5g,白芷3～4．5g,广陈皮2．4～3g,鲜生姜2．4～3g,浙苓皮6～9g
天南星,半夏#60g,藁本,细辛,川芎,防风,羌活,独活#30g
山豆根,麦冬#3g,牛蒡子,玄参,桔梗#2．1g,甘草0．6g,防风1．5g,绿豆49粒。
羌活,防风,桔梗,白附子,枳壳,白蒺藜#15g,蔓荆实9g,皂荚250g
羌活,苍术#8g,川芎,白茯苓,防风,枳壳,桔梗#5g,甘草2g
酒黄芩6g,白芷4．5g,羌活,防风,柴胡梢#3g,川芎3．6g,荆芥2．4g,甘草1．5g
黄芪3．6g,白术,牡蛎,茯苓,防风,麦冬,地黄#2．4g,大枣8个
人参,当归,防风,黄芪,芍药,麦冬#60g,独活,白术,桂心#90g
羌活4．5g,防风4．5g,川芎3g,细辛1．5g,甘草3g,苍术3g,香白芷3g,黄芩3g,生地3g
川芎,柴胡#30g,半夏曲,甘草,甘菊,细辛,人参,前胡,防风#15g
木乳30s,旋覆花15g,枳壳22g,石膏60g,甘菊花15g,,防风15g,川芎15g,甘草15g,荆芥22g
麻黄1.2g,桂枝,甘草#0．9g,杏仁,白芷,防风#2．4g,升麻1.5g,羌活,川芎#3g
枳壳4．5g,桔梗6g,防风,茯苓#4．5g,瓜蒌仁3g,紫苏子2．4g,甘草3g,杏仁2．18,半夏4．5g
白鲜皮12g,麻黄15g,白茯苓22．5g,防风,独活,杏仁,当归,芍药#12g,桂7．5g
川芎,芍药,牡丹皮#45g,羌活,甘菊花,防风,甘草#60g,柴胡,半夏#30g
甘菊花,黄连#4．5g,防风,荆芥,白芷#9g,红花,当归#3g,芒硝6g,白矾1．5g
川乌,草乌#15g,麻黄45g,川芎,防风,羌活#30g,地龙,雄黄#9g,全蝎10个
贝母,夏枯草,前胡,防风,苏子,瓜蒂霜,枳壳,丹参,陈皮#等分
细辛,川芎,防风,桔梗,白术,羌活,桑白皮,薄荷叶#30g,甘草1．5g
苍术240g,厚朴120g,当归,川芎,白芍药,防风,陈皮葛根,甘草#60g
羌活,防风,旋覆花,独活,川芎,细辛芽,蔓荆子,甘草,石膏
羌活,生白术,防风,炒白芍,黄芩#45g,当归90g,白芷,川芎#30g,甘草18g
山药9g,白术,茯苓#4．5g,甘草,羌活2．4g,防风,秦艽,防己,苍术#3g
苏叶,防风,陈皮,厚朴,枳壳,煨木香,炒僵蚕,钓钩藤,生甘草
苍术,紫苏,防风,赤苓,豆豉,藿香,陈皮,厚朴,炙甘草
防风,荆芥穗#60g,细辛30g,草乌30g,白芷30g,全蝎22．5g,青盐15g,芒硝30g,青黛15g
细辛,甘菊花,枳壳,赤芍药#15g,石膏,藁本,川芎,防风#30g,甘草7．5g
藿香叶,荆芥穗,旋覆花,香白芷,石膏末,防风#15g,川乌7．5g,天南星7．5g,川芎15z,草乌头4．5g
薄荷叶90g,硼砂15g,天花粉30g,天竺黄15g,风化消,百药煎,防风,孩儿茶#30g,桔梗218,甘草30g
川芎,细辛,防风,甘菊花,甘草,石菖蒲,青藤根,全蝎,细芽茶,藁本#30g
防风,白附子,北细辛,白茯苓,川乌,菖蒲,干姜,香白芷,川芎,甘草节#等分
白附子,香白芷,荆芥穗,石膏,薄荷叶,天麻,川芎,防风#15g,两头尖30g,苍术30g
黄芪,人参#3g,黄连,柴胡#2．1g,蔓荆子,当归,葛根,防风#1．5g,生甘草3g,细辛叶0．9g
菖蒲,牛蒡子,羌活,川芎,防风,漏芦,荆芥,麦冬,前胡#等分,甘草减半
犀角屑,天麻,细辛,防风,川芎,香白芷,羌活,甘菊花#30g,冰片,麝香#3g
丹参15g,露蜂房7．5g,川升麻15g,防风15g,连翘15g,黄芪15g,川大黄15g,甘草15g,牛蒡子15g,枳壳22．5g
当归,羌活,独活,防风,川芎,丹参,青皮,香附,乌药,川断
黄芪,人参,桂枝,甘草,熟附子,细辛,羌活,防风,川芎,煨生姜
人参,苍术#3g,白芍药,甘草#4．5g,白芷,当归身,麻黄#6g,防风,葛根#9g,新升麻12g
竹叶12g,葛根9g,防风,桔梗,桂枝,人参,甘草#3g,附子6g,大枣3枚,生姜15g,,
竹沥lOOml,麻黄2．4g,附子4．5g,防己9g,干姜4．5g,白术4．5g,葛根4．5g,甘草1．5g,防风4．5g,桂心4．5g
防风,连翘,桑根白皮,牡丹皮,白头翁,黄柏,豉,独活,秦艽#30g,海藻90g
杜仲12g,阿胶,防风,狗脊,川芎,芍药,细辛,五加皮,萆薢#9g,杏仁3g
吴茱萸,苍术,鳖甲,防风,人参,川芎,藿香叶,柴胡,肉豆蔻,甘草#15g
辛夷仁,细辛,藁本,升麻,川芎,木通,防风,羌活,甘草,白芷#等分
羌活,防风,苍术,茯苓,猪苓,泽泻,茵陈,甘草,桑白皮,地骨皮#等分
玄参,桑皮,枳壳,黄连,杏仁,旋覆花,防风,黄芩,白菊,葶苈子
炙甘草2．1g,泽泻9g,瓜蒌根,白茯苓,黄柏#15g,柴胡21g,防风,细黄芩,黄连,羌活#30g
胡椒,花椒,川芎#6g,荆芥穗,白芷,防风,草乌,羌活,荜茇,露蜂房#15g
鸡苏叶250g,荆芥穗30g,防风30g,黄芪,生地黄,桔梗#15g,甘草,川芎,甘菊花#7．5g,脑子1．5g
蝉蜕15g,蛇蜕9g,川芎,防风,羌活,炙甘草,当归,白茯苓#30g,赤芍药90g,苍术120g,石决明45g
川芎0．9g,柴胡2．1g,羌活,防风,藁本,生甘草,升麻#3g,熟甘草,酒生地黄#6g,酒黄连,酒黄芩#13．5g
桂枝2．4g,白芍4．5g,甘草1．5g,怀牛膝6g,川牛膝4．5g,当归6g,蚕沙12g,秦艽3g,防风3g,红枣5枚,生姜3片
防风2.1g,黄芩3g,薄荷1.5g,羌活1.5g,升麻1.5g,天花粉3g,桔梗3g,半夏1.5g,川芎1.5g,荆芥1.5g,甘草0.9g
防风,人参,甘草,天麻,前胡#7．5g,细辛,柴胡#4．5g,白茯苓桔梗#6g,枳壳7．5g,川芎9g
黄芪12g,苍术,羌活,独活,防风,升麻,葛根#9g,炙甘草6g,麻黄,花椒,白芷#3g
天竺黄,陈皮,茯神,明天麻#30g,胆星60g,甘草,雄黄,防风#15g,麝香4．5g,朱砂15g,枳壳15g
麻黄0．9g,黑附子o．9g,羌活1．5g,苍术1．5g,防风0．6g,黄芪3g,甘草,升麻#0．6g,白芷,白僵蚕,黄柏#0．9g
当归,川芎,赤芍,生地黄,黄连,牡丹皮,栀子,防风,荆芥,薄荷,甘草
黄芩6g,黄连6g,桔梗4．5g,甘草3g,连翘3g,牛蒡子,玄参#3g,大黄4．5g,荆芥1g,防风1g,羌活lg,石膏l.5g
黄芪,防风,川芎,山萸肉,当归,白术,肉桂,甘草,人参,五味子#30g,白茯苓45g,熟地黄60g,肉苁蓉90g
川芎,细辛,羌活,槐花,石膏,香附子,甘草#15g,荆芥,薄荷,茵陈,防风,菊花#30g
麻黄,白芷,细辛,荆芥穗,菊花,防风,石膏,何首乌,川芎,薄荷,干蝎,草乌头#等分
天麻,防风,细辛,藁本,川芎,香白芷,干山药,黄芪,蝎梢,当归#30g,甘草16g,白附子15g
连翘,牛蒡子,玄参#3g,大黄,荆芥,防风,羌活#1g,石膏,桔梗#4．5g,甘草3g,黄芩7．5g,黄连4．5g
薄荷叶420g,柿霜150g,桔梗135g,甘草105g,川芎84g,百药煎15g,防风48g,砂仁13．5g,青黛9g,冰片,元明粉,白硼砂#6g
人参,白术,茯苓,当归,白芍,熟地黄,川芎,炙甘草,黄芪,附子,肉桂,防风
桑白皮,地骨皮,桔梗,杏仁,防风,黄芩,瓜蒌仁,知母,薄荷,枳壳,陈皮,甘草#等分
桑白皮15g,紫苏,北前胡,防风,赤茯苓,黄芩,天冬,当归,连翘　桔梗,生地黄,甘草#7．5g
川芎,防风,僵蚕,独活#30g,天麻120g,桔梗90g,细辛,白附子,羌活,甘草#15g,薄荷,荆芥穗#45g
川连,甘草#3g,苏梗,牛蒡,玄参,赤芍,荆芥,连翘,黄芩,花粉,射干,防风#4.5g,,
柴胡,甘草,干姜#60g,肉桂,桔梗,防风,荆芥穗,五加皮#30g,芍药15g,麻黄,陈皮#45g,黄芪7．5g
半夏,杏仁,川羌活,藁本,川芎,防风,白茯苓,甘草,白芷,麻黄,广陈皮,桂枝#等分
黄芪,当归#9g,白术,广陈皮,川升麻#2．4g,人参,柴胡,甘草#1．8g,桂枝,防风,木通#3g,木瓜2．4g
防风,荆芥,羌活,前胡,升麻,干葛,赤芍,桔梗,川芎,白芷,牛蒡子,甘草
通草,山栀,黄连,生地,甘草,滑石,荆芥,防风,当归,芍药,大黄,紫草
防风,羌活,独活,防己,黄芩,黄连,苍术,白术,甘草,细辛#9g,知母,川芎,地黄#30g
川芎30g,当归22．5g,羌活,旋覆花,华阳细辛,蔓荆子,防风,石膏,藁本,荆芥穗,半夏曲,生地黄,甘草#15g
乳香60g,白芷60g,柴胡60g,没药60g,川芎60g,黄连45g,黄芩45g,防风45g,薄荷45g,菊花45g,生栀子75g,羌活30g,甘草15g
半夏,干葛,细辛,白术,茯苓,桂心,防风,干姜,黄芩,小草,甘草,柴胡,麦冬#22．5g
川芎,连翘,羌活,柴胡,防风,黄芩,木贼,荆芥穗,甘菊花,旋覆花#15g,地骨皮30g,甘草,石膏#60g
川芎30g,当归22．5g,羌活,旋覆花,细辛,蔓荆子,石膏,藁本,荆芥穗,半夏曲,防风,熟地黄,甘草#15g
川芎,甘菊花#30g,羌活9g　防风0．9g,细辛,白僵蚕#90g,草决明,旋覆花,蝉蜕#3g,蜜蒙花,天麻,荆芥穗,甘草#15g
黄芩,柴胡#3g,桔梗,川芎,防风,羌活,枳壳#2．4g,甘草0．9g,连翘,射干,白芷,黄连#2．1g,荆芥3g
连翘,防风,黄连,陈皮,芍药,当归,独活,白蒺藜,荆芥,茯苓,黄芩,甘草,牛蒡子#等分
当归,肉桂,吴茱萸,丹皮,半夏,麦冬#6g,防风,细辛,藁本,千姜,茯苓,木香,炙甘草#3g
前胡,羌活,麻黄,白茯苓,川芎,黄芩,甘草,蔓荆子,枳壳,细辛,石膏,菊花,防风#30g
藁本,香白芷,桂枝#0.98,苍术,升麻#1．5g,当归身1．8g,草豆蔻仁3g,羌活4.5g,羊胫骨灰6g,麻黄,防风#9g,柴胡15g,细辛少许
当归,川芎,地黄,芍药,甘菊,龙胆草,防风,防己,炙甘草,香附,决明子,密蒙花,木贼
归尾,大黄,黄芩,知母,桔梗,茺蔚子,芒硝,车前子,防风,赤芍药,栀子,连翘,薄荷#等分
天麻,草乌,川芎,细辛,苍术,甘草,川乌,薄荷,甘松,防风,白芷,白附子#五钱,雄黄,全蝎#9g
陈皮180g,枳壳180g,柴胡180g,香附180g,葛根180g,杏仁180g,川芎180g,苍术180g,白芷180g,羌活300g,苏叶360g,防风240g,乌药90g,甘草90g
甘草,天麻,芥,羌活,防风,薄荷,黄芩,麻黄,干蝎,僵蚕,白芷,竹叶,附子,细辛
防风3g,黄芩4．5g,人参,白及#3g,麦冬6g,生甘草1．5g,知母3g,炒白芍3g,怀生地3g,黄柏3g,黄芪3g,黄连3g,当归头,百合#3g
天南星,半夏,防风,干姜,甘草,细辛,禹白附,芒硝,太阴石,川芎,白僵蚕,陈皮,川乌头,薄荷叶#30g
人参,黄芪,白术,当归,川芎,白芍,茯苓#3g,甘草,桂心,防己,防风,乌头#1．5g,细辛18,生姜3片,红枣2枚
连翘,瞿麦,滑石,车前子,牛蒡子,赤芍,栀子,木通,当归,防风#1．2g,柴胡,黄芩,荆芥#3．6g,蝉蜕1．5g,甘草4．8g
当归须,白术,半夏,甘草,丹皮,赤茯苓,防风,香附,陈皮,赤芍,人参,川芎,黄芪,生地,没药
天麻30g,踯躅花30g,独活30g,麻黄60g,附子30g,白附子30g,晚蚕蛾30g,乌梢蛇肉60g,防风30g,道人头30g,白蒺藜30g,麝香15g,桂心30g,当归30g,川乌头30g
牛黄15g,白薇15g,人参60g,麦冬60g,茯神,远志,熟地黄,朱砂,天竺黄,防风,独活,甘草,龙齿#30g,冰片30g,麝香7．5g
牙皂9g,广藿香,白芷,广皮,贯仲,薄荷,生人中黄,木香,橘梗,半夏#6g,明雄黄,明朱砂#7．5g,防风3g,细辛9g,枯矾4．5g
生南星30g,知母,贝母,生地黄,阿胶,川芎,桑白皮,甘草#90g,防风,射干,桔梗,天冬,脑荷,杏仁,半夏#15g
羌活15g,防风9g,升麻3g,葛根6g,白术3g,苍术9g,当归身9g,人参6g,甘草15g,苦参6g,黄芩3g,知母9g,茵陈15g,猪苓9g,泽泻9g
荆芥穗,羚羊角,酸枣仁,生地黄,枳壳,人参,鳖甲,肉桂,白术,柴胡#22．5g,甘草,川芎,赤芍药,牡丹皮,当归,防风#150g
大豆,杏仁#15g,清酒30m1,麻黄,防风,木防己,猪苓#12g,泽泻,黄芪,乌头#9g,生姜218,半夏18g,茯苓,白术#15g,甘遂,甘草#6g,,
川芎,细辛,苦参,地骨皮,菖蒲,何首乌,蔓荆子,薄荷叶,杜蒺藜,牛蒡子　荆芥穗,蚵蚾草,威灵仙,防风#15g,天麻30g,甘草60g
天南星22．5g,白芷45g,麻黄30g,防风45g,羌活,独活,川芎,天麻,白芍药,桔梗,细辛,白僵蚕#15g,甘草11g,干姜7．5g,冰片3g,麝香7．5g
花椒0．3g,防风3g,荆芥3g,甘草梢1．5g,红花0．75g,桃仁,麻仁,杏仁#3g,升麻4．5g,柴胡2．1g,当归3g,熟地6g,知母,黄柏,石膏#3g,细辛0．3g
桔梗,玄参,白芷,防风,赤芍,川芎,前胡,独活,连翘,荆芥,甘草#1．5g,牵牛,山豆根,黄芩,射干,生地#15g
防风,荆芥,连翘,柴胡,黄芩,川芎,羌活,桔梗,蓝叶,射干,白芷,牛蒡子,黄连,甘草,青木香,金银花
附子,天麻,虎骨,天南星,狗脊,白茯苓,阿胶,狼毒,白僵蚕,海桐皮,牡蛎,天雄,防风,吴茱萸,羌活,独活#30g
人参,白术,茯苓,干葛,紫苏,半夏,荆芥穗,桔梗,杏仁,麻黄,,防风,陈皮,甘草,桑白皮,枳壳,前胡#等分
麻黄根,牡蛎,浮小麦,黄芪,人参,麦冬,川芎,赤芍,生地,当归,甘草,陈皮,香附,防风,丹皮,葱白
党参,银花#4．5g,甘草1．5g,当归,连翘,赤芍,花粉,瓜蒌仁,桔梗,白术#3g,陈皮,防风,川芎,青皮,厚朴,荆芥#2．1g,黄芪4．5g
胆星120g,半夏120g,陈皮60g,白茯苓60g,枳实30g,海石30g,天花粉60g,黄芩60g,黄柏30g,知母30g,当归30g,天麻60g,白术60g,大黄150g,甘草9g,防风60g,白附子60g
防风,川芎,当归,芍药,大黄,薄荷叶,麻黄,连翘,芒硝#15g,石膏,黄芩,桔梗#30g,滑石90g,甘草60g,荆芥,白术,栀子#7．5g
白术,川芎,防风#0.9g,甘草,荆芥#0.75g,桔梗,羌活#0．9g,芍药0．75g,柴胡0．6g,前胡,薄荷,黄芩#0．75g,山栀,知母#o．6g,滑石,石膏#0．9g,大黄1．2g,芒硝0．9g
茯苓片240g,柴胡180g,泽泻片　枳壳,苏叶,防风,扁豆,赤小豆#150g,忍冬藤,枯黄芩,鲜竹茹,花粉#120g,藿香,生甘草,香薷,麦冬#90g,双勾藤210只,鲜荷叶30片,陈茶叶3kg
萆薢,防风,白蒺藜,狗脊,乌药,附子,禹白附,赤小豆,地龙,骨碎补,馕？香子,羌活,天南星,黄芪#15g,肉苁蓉,牛膝,何首乌,花椒,覆盆子#30g,马钱子0．9g
防风,荆芥,黄连,黄芩,连翘,羌活,独活,柴胡,前胡,川芎,桔梗,蓝叶,玄参,牛蒡子,升麻,赤芍药,金银花,白芷,甘草,干葛,青木香
川贝母,陈皮#12g,羌活,生地,木通,大青叶,荆芥穗,桔梗,前胡,山川柳,赤芍,制南星,玄参#9g,薄荷6g,钩藤,制半夏,枳壳#9g,葛根,天麻,防风,甘草,炒牛蒡子#6g
白附子,明天麻,藁本,缩砂仁,荆芥穗,川羌活,细辛,川独活,薄荷叶,藿香叶,麻黄,甘松30g,葛根,防风,白芷,川芎,桔梗,香附子,甘草,川乌,石膏#60g,寒水石750g
人参,川芎,荆芥,白芷,川乌,南星,石膏#60g,石决明,草乌,藁本,雄黄,细辛,当归,蒲黄,苍术,防风　薄荷,藿香,全蝎#60g,何首乌30g,羌活90g,甘松60g
川厚朴,砂仁,桔梗,羌活,干葛,香薷,茵陈,白芍药,枳壳,黄芩,木瓜,防风,陈皮,苏叶,白芷,大腹皮,青蒿,茯苓#30g,麦芽,滑石#60g,薄荷,甘草,川黄连#15g,陈红茶240g
香附子,羌活,山楂肉,川芎,陈皮,前胡,干葛,紫苏叶,赤茯苓,木香,薄荷　砂仁,苍术,赤芍,乌药,防风,藿香,白芷,厚朴#90g,生甘草45g,生蔻仁60g,枳壳,草蔻#30g,神曲150g
厚朴15g,,广陈皮15g,山楂15g,羌活15g,小青皮,干葛,防风,乌药,川乌,枳壳,白芷,茱萸,石菖蒲,甘草,广木香,砂仁#15g,制香附,广藿香,苍术,莪术,槟榔,茯苓#15g,麦芽,神曲,紫苏#30g,木通24g
苍白术#60g,赤白苓#120g,煨草果60g,神曲150g,甘草90g,川朴180g,广皮180g,木瓜90g,桔梗45g,苏叶210g,半夏135g,防风90g,香薷60g,朱砂120g,炒乌药90g,茶叶60g,大腹皮90g,羌活135g,藿香210g,"煨
木香90g",紫豆蔻60g,白芷150g,薄荷90g,炒砂仁90g,檀香30g,香附60g
茯苓,木瓜,麦冬,生地,当归#60g,藿香,菖蒲,苍术,半夏,腹皮,白矾,陈皮,防风,黄芩,杏仁#30g,山栀,柴胡,木通,香附,桔梗,泽泻,远志#25g,砂仁,川芎　油朴,羌活,独活,青黛,川连,雄黄,甘草,黄柏,神曲,枳壳,广木香,青木香,嫩苏梗,广郁金#15g
苍术,柴胡,龙胆草,苦参,玄参,生地,赤芍,归尾,川芎,荆芥,防风,麻黄,白芷,细辛,薄荷,大黄,芒硝,黄连,黄芩,黄柏,黑山栀,茺蔚子,五倍子,决明子,蓖麻子,羌活,连翘,蓉叶,陈胆星,马钱子仁,杏仁,桃仁　蛇蜕,蝉蜕,木贼草,山甲片,菖蒲,红花,乳香,没药#30g,羚羊角24g,犀角片6g,丁香3g
马钱子,两头尖,石菖蒲,五灵脂,骨碎补,穿山甲,淮生地,金钗草,白芷梢,赤芍药,金银花,真五加皮,吴茱萸,牡丹皮,威灵仙　刘寄奴,猪牙皂荚,甘松,山柰,紫苏,蛇床子　良姜,艾叶,厚朴,三棱,降香,苍术,羌活　红花,苏木,桃仁,当归尾,防风,麻黄,草乌,乌药,甘草,牛膝,藁本,汉防己,枳壳,"白蔹
荆芥",续断,巴豆,猪苓,泽泻,花椒,花椒,干姜,南星,半夏,槟榔,姜黄,干漆,香附,藿香　前胡,蓬术,茵陈,巴戟,石斛,常山,独活,风藤,黄连,山栀,连翘,黄柏#30g,蒜头2．5kg,葱2．5kg,千里光草5kg,生姜2．5kg,广木香,大川乌,北细辛,大茴香,小茴香,自然铜,面蒲黄,小茨菇,明天麻,官桂,僵蚕,玄胡,大黄,乳香,没药,全蝎,牙皂,雄黄#90g,嫩白上好松香30kg,好窑煤25kg
苍术60g,防风60g,甘草30g
炙甘草,羌活,防风#9g,酒黄芩3g
天南星60g,生姜30g,防风60g,甘草30g
防风,羌活#4．5g,黄芩,甘草#3．6g
防风15g,羌活18g,黄芩9g,甘草2．1g
南星,半夏,防风,天麻面#等分
紫荆皮6g,荆芥穗2．4g,北防风2.4g,北细辛1．2g
牛蒡子120g,炙甘草30g,防风15g,荆芥穗60g
荆芥,防风,桑白皮,地骨皮,甘草
荜茇,苦参,防风,升麻#30g,藁本7．5g
桂枝,独活,防风#30g,芍药90g,甘草15g
麦面3g,防风,白术,牡蛎,黄芪4．5g
牵牛30g,牛蒡子7．5g,防风5g,枳壳7g,生甘草7g
菊花30g,白附子21g,防风15g,炙甘草7．5g,枳壳21g
荆芥穗45g,苍术,白蒺藜,防风#60g,甘草30g
黄矾7．5g,麝香3g,干蛤壳7．5g,防风,独活#30g
黄芪18g,甘草3g,防风,麻黄根,桂枝#6g
制香附,苏叶,防风#4．5g,杏仁泥9g,甘草,陈皮#1．5g
独活,川芎,甘菊#30g,干蝎7．5g,半夏60g,防风30g
当归尾,黄连#3g,赤芍,防风#1．5g,杏仁4个,铜绿0．3g
当归,赤芍药,木贼,防风,细辛,龙胆草#等分
秦艽,大黄,防风,栀子,薄荷,连翘#等分
川芎,荆芥,防风,羌活#9g,薄荷6g,细辛3g
藿香,白芷,全蝎,甘草,防风,青风藤
黄芪12g,白术,当归,白药#9g,防风,僵蚕#6g
黄芩,麻黄,秦艽,升麻#7．5g,大黄,防风#15g
炙黄芪30g,防风,龙骨,麻黄,白术,牡蛎粉#15g
葛根,石膏,知母,防风,甘草,粳米
牛蒡子,荆芥,生甘草,黄芩,犀角#3g,防风1．8g
防风30g,黄芪60g,白术30g,中桂30g,芍药30g,大附子60g
天南星大者1个,全蝎1对,川芎60g,人参,藁本#15g,冰片6g,防风30g
生地,当归,细辛#4．5g,骨碎补,防风,赤芍,川芎,槐花#6g,升麻,知母#3g
荆芥穗,川芎,防风,独活,炙甘草,麻黄#30g,人参60g
桂枝,芍药,防风,羌活,川芎,白术,甘草
柴胡60g,桑白皮,防风,芍药,玄参,黄芩,炙甘草#30g
川芎15g,柴胡21g,黄连,防风,羌活#30g,炙甘草45g,黄芩90g
川芎,藁本#30g,防风,羌活#6g,细辛9g,香白芷30g,甘草15g
大黄,连翘,芍药,当归,防风,甘草,山栀#等分
人参,川芎,防风,当归尾,赤芍药,大黄,甘草
溥荷叶30g,川芎60g,桔梗90g,甘草60g,防风60g,柿霜60g,犀角60g
葛根30g,石膏60g,赤芍药30g,甘草7．5g,甘菊花30g,黄芩30g,防风15g
紫苏叶,人参,防风,桑白皮,麦冬,紫菀#15g,炙甘草7．5g
麻黄,杏仁,赤茯苓#30g,川芎,防风,枳壳#60g,甘草22．5g
薄荷4．5g,荆芥6g,广郁金6g,杏仁9g,防风4．5g,桔梗3g,前胡4．5g
防风,白芷,何首乌,麻黄,甘草,白芍药,旋覆花#30g
柳枝1握,地骨皮,细辛,防风,杏仁,蔓荆子#30g,盐15g,生地黄270g
荆芥穗120g,细辛,川芎,白僵蚕#30g,天麻459,羌活,防风,蒺藜子#60g
细辛叶,防风#0.6g,羊胫骨灰,熟地黄#1．5g,当归1．8g,草豆蔻仁,黄连#4g,升麻7．5g
川芎36g,炙甘草,香白芷,香附子,防风,细辛,砂仁#30g,薄荷叶60g
苍术250g,藁本,桔梗,甘草,防风,独活#120g,厚朴,陈皮#60g
独活,羌活,防风,柴胡,白术,甘草,麻黄#30g,甘菊花15g
川芎,独活,羌活,防风#15g,华细辛6g,荆芥,薄荷,生地黄#9g
独活,细辛,川芎,秦艽,生地,羌活,防风,甘草
当归,薄荷,羌活,防风,山栀子仁,炙甘草,大黄,川芎#60g
防风,羌活,藁本,细辛,菊花#1.5g,南星,草乌,白芷#3g
防风,荆芥,薄荷,白芷#4．5g,升麻2．4g,黄芩,黄连#6g,甘草1．5g
酒黄芩6g,白芷3g,羌活,防风,柴胡梢#3g,川芎3．6g,荆芥2．4g,甘草1．5g
栝楼1枚,天南星,半夏,细辛,防风,当归,寒水石,白矾#15g
大黄15g,当归120g,荆芥9g,生甘草15g,黄芩9g,防风9g,黄芪90g,茯苓90g
柴胡,防风,桔梗,枳壳,陈皮,半夏,茯苓,甘草
当归9g,川芎4．5g,柴胡,人参#3g,半夏,陈皮,防风#2．4g,甘草1．5g
射干3g,防风,荆芥,桔梗,薄荷#3g,牛蒡子4．5g,广陈皮2．4g,甘草0．9g
天麻30g,防风60g,细辛15g,薄荷15g,川芎30g,炙甘草30g,吴白芷30g,朱砂30g
羌活,防风,黄芩,白芷#4．5g,黄连,射干#3g,玄参4．5g,甘草3g
羌活,独活,防风,天麻,山栀子,大黄,甘草#30g,滑石60g
石膏,甘菊花,防风,旋覆花,枳壳,蔓荆子,炙甘草,川羌活#等分
黄芪6g,白术,防风,熟地黄,牡蛎,白茯苓,麦冬,甘草#1．5g
牛蒡子,防风,荆芥,薄荷,黄芩,龙胆草,黄连,贝母
葛根,木通,芍药,防风#60g,甘菊花30g,麻黄37．5g,石膏150g,前胡45g
防风,荆芥,前胡,杏仁,桔梗,甘草,苏子,陈皮
荆芥45g,防风45g,米仁150g,通草120g,川芎24g,茯苓90g,陈皮45g,香附45g,紫苏45g
荆芥穗,防风,甘菊,旋复花,川芎,枳壳,炙甘草#30g,石膏60g,黄芩15g
防风,荆芥,升麻,甘菊,木通,黄芩,羌活,甘草,蔓荆子
荆芥,防风,薄荷,连翘,枳壳,桔梗,木通,淡竹叶,甘草
茯神,甘菊花,蔓荆子,白蒺藜,地骨皮#30g,石膏60g,防风,炙甘草,枳壳#22．5g
防风,胆星,半夏,陈皮,赤苓,黄芩,枳壳,甘草,生姜
独活,天冬,防风,蒺藜子,桔梗#37．5g,薏苡仁,黄连#30g,桂15g,枳实45g
川芎,独活,防风,藁本,旋覆花,蔓荆子,细辛#30g,石膏,炙甘草#15g
独活,川芎#90g,天雄30g,防风30g,花椒54g,莽草10叶,细辛,桂心#30g,苦李根皮90g
山豆根,僵蚕,蚤休#30g,连翘,玄参,防风,射干#21g,白芷15g,冰片1g
川芎3g,当归9g,独活,防风,肉桂,荆芥#1.5g,茯苓3g,地黄6g,大枣2枚
苍术45g,麻黄30g,甘草30g,防风30g,石膏30g,干葛30g,川芎30g,香白芷15g,瓜蒌根15g
檀香,人参,羌活,防风#300g,薄荷,荆芥穗,甘草#600g,石膏1．2kg,细辛150g
羌活,防风,中桂#3g,苏木4．5g,连翘,归尾,柴胡#6g,麝香少许,水蛭9g
连翘9g,牛蒡子,羌活,防风,柴胡#6g,荆芥,薄荷,甘草#3g,生姜3片
连翘,黄芩,防风,荆芥,射干#3g,银花4．5g,薄荷2．4g,黄连,甘草#1．5g
羚羊角屑30g,白术22．5g,防风22．5g,黄芪22．5g,玄参22．5g,泽泻22．5g,赤茯苓22．5g,赤芍药22．5g,炙甘草7．5g
羚羊角屑30g,沙参22．5g,防风22．5g,木通22．5g,旋覆花15g,泽泻22．5g,前胡22．5g,菖蒲15g,牵牛子45g
独活,川芎,芍药,桂心,续断,生姜,桑寄生#1．8g,当归,防风#2．4g
犀角,羚羊角,大黄,人参,茯苓,知母,黄芩#30g,桔梗,防风#60g
犀角37．5g,川升麻30g,防风,羌活#90g,白芷,黄芩,川芎,白附子#15g,炙甘草7．5g
升麻,羌活,苍术#3g,防风2．4g,柴胡,甘草2．1g,当归,藁本#1．5g,陈皮,"
0．9g"
槟榔,陈皮,白茯苓,防风,人参,麦冬,紫苏茎叶,炙甘草,诃黎勒#30g
蔓荆子30g,酸枣仁30g,防风30g,百合60g,枳实30g,桂心30g,薏苡仁75g,木通45g,牵牛子90g
羌活45g,防风45g,苍术45g,半夏45g,白芷45g,陈皮45g,柴胡24g,升麻24g,甘草15g
葛根3～4．5g,牛蒡子9g,桔梗4．5g,荆芥4．5g,枳壳3g,白杏仁9g,生甘草1．2g,土贝9g,防风4.5g,浮萍草6g
荆芥,防风,赤芍药,生地黄,甘草,金银花,木通,桔梗,地骨皮,连翘
川芎,防风,升麻,细辛,茯苓,白芷,香附子,荜茇,甘松#等分,石膏3倍于上药
荆芥,防风,连翘,桔梗,牛蒡,射干,玄参,山豆根,竹叶,甘草
荆芥12g,白芷,防风,细辛,全蝎,升麻,川芎#6g,胆矾0.6g,芒硝,青黛#2．4g
川芎,白芷,谷精草,藜芦,防风,薄荷,牙皂,蔓荆子,细辛,蒲黄#等分
萎蕤,甘草,荆芥,防风,桔梗,枳壳,柴胡,薄荷,黄芩,连翘
干菊花,白僵蚕#30g,荆芥穗,羌活,木通,川芎,防风#15g,木香6g,甘草,石菖蒲#9g
前胡,防风,荆芥,连翘,牛蒡子,山豆根,玄参,山栀,桔梗,甘草
羚羊角屑,犀角屑,生地黄,白术,防风,人参,炙甘草,山栀子仁,荆芥穗,升麻#等分
羚羊角屑22．5g,蔓荆子22．5g,防风30g,栀子仁22．5g,赤芍药30g,葳蕤30g,甘菊花22．5g,麻仁30g,麦冬45g,川朴硝30g,,
葛根6g,石膏15g,花粉9g,石斛9g,连翘4．5g,薄荷3g,防风3g,桔梗3g,淡竹叶20张,白茅根15g
防风1．8g,荆芥1．8g,蕤仁2．4g,白蒺藜3g,菊花3g,蝉蜕1．8g,甘草1．2g,谷精草1．8g,赤芍2．4g,车前子3g
丹参30g,旱莲草20g,防风10g,荆芥10g,黄芩10g,车前子15g,地肤子10g,麻黄6g,苦参10g,甘草4g
白芍,黄芩,生地,陈皮,柴胡#3g,甘草,防风,桂枝,紫苏#2．4g,当归4．5g
藁本4．5g,苍耳子6g,白蒺藜9g,秦艽4．5g,川芎3g,蝉蜕3g,羌活4．5g,防风4.5g,石菖蒲3g,香白芷3g
牙皂120g,食盐30g,桔梗60g,天南星25枚,大半夏35粒,甘草30g,芒硝120g,防风120g,白矾120g,熟大梅100个
荆芥4．5g,防风4．5g,桔梗4．5g,赤芍4．5g,牛蒡子6g,金银花6g,浙贝母6g,连翘6g,薄荷3g,生甘草2．4g,青果1个
羌活,防风,甘草,白茯苓#1．5g,木香0．3g,人参,陈皮,乌药#9g,白术30g,南星15g,附子27g
香附6g,白芷1．8g,当归4．5g,川芎2．4g,防风3g,桑叶3g,菊花6g,蝉蜕3g,蔓荆子4．5g,桔梗3g,黑芝麻9g
白僵蚕60g,山药15g,白茯苓30g,紫苏叶30g,藿香30g,百部15g,黄芩30g,防风30g,杏仁30g,百合15g,五味子30g
独活,防风,黄芩,零陵香,川芎,细辛,当归#15g,沉香,鸡舌香,升麻,炙甘草#30g
防风,羌活,独活,干姜,细辛#7．5g,草豆蔻,肉豆蔻,川芎#15g,官桂,吴茱萸,干木瓜#30g
石膏,甘菊花,防风,荆芥穗,川羌活,羚羊角,川芎,大豆黄卷,当归,白芷#30g,炙甘草15g
菊花,川芎,荆芥穗,羌活,甘草,白芷#60g,细辛30g,防风45g,蝉蜕,僵蚕　薄荷#15g
防风,天花粉,贝母,黄柏,白茯苓,玄参,白芷,蔓荆子,天麻,半夏#1．5g,生甘草0．75g
升麻,白芷,黄芩,牛蒡子,连翘,石膏,防风,当归,荆芥,白蒺藜#3g,甘草1．5g
羚羊角60g,菊花90g,防风,羌活,前胡,藁本,玄参,黄芩,杏仁,菖蒲,甘草#30g
羚羊角屑30g,枳壳30g,独活30g,防风30g,黄芩30g,细辛30g,赤芍药30g,炙甘草30g,人参30g,麻黄30g,石膏90g
麻黄,人参,黄芩,川芎,芍药,炙甘草,防风,杏仁,官桂,防己,附子#等分
荆芥,防风,苏叶,柴胡,陈皮,甘草,苍术,厚朴,木通,木香,车前
荆芥穗200g,薄荷60g,防风lOOg,柴胡lOOg,紫苏叶60g,葛根lOOg,桔梗60g,苦杏仁80g,白芷60g,苦地丁200g,芦根160g
川乌15g,川芎,甘菊花,白芷,防风,细辛,天麻,羌活,荆芥,薄荷,炙甘草#30g
蔓荆子22．5g,防风15g,枳壳22．5g,山茱萸15g,麻黄22．5g,旋复花,甘菊花,川芎,莽草#22．5g,炙甘草15g,羚羊角屑22．5g
柴胡,甘草,人参,桔梗,川芎,茯苓,枳壳,前胡,羌活,独活,荆芥穗,防风#1．2g
龙骨9g,干姜4．5g,细辛4．5g,白术3g,茯神9g,人参,远志,甘草,桂心,独活#6g,酸枣仁9g,防风6g
茯神,羌活,木通,防风,细辛,蔓荆实,生地黄,白术,当归,芍药,陈皮,川芎#30g
独活30g,桂心30g,川芎30g,麻黄30g,防风30g,白术30g,赤芍药30g,细辛30g,炮附子30g,枳壳15g,杏仁30g,炙甘草15g
独活,桑寄生,防风,秦艽,威灵仙,牛膝,茯苓#3g,桂心1．5g,细辛,炙草#1g,当归,金毛狗脊#6g
麻黄,升麻,炮栀子,白术#30g,细辛,干姜,防己,防风,桂心,乌头,花椒,桔梗#18g
前胡,蔓荆实,川芎,麻黄,甘菊花,防风,羌活,白茯苓,石膏,炙甘草#90g,枳壳120g,黄芩45g
当归,川芎,赤芍,生地,赤茯苓,苍术,猪苓,泽泻,木通,防风,羌活#等分,甘草减半
荆芥穗,甘草,川芎,羌活,白僵蚕,防风,茯苓,蝉蜕,藿香叶,人参#6g,厚朴,陈皮#15g
人参,黄芪,当归,羌活,防风,白术,陈皮#2．5g,柴胡,地黄#3g,甘草,细辛#1g,川芎2．1g
羌活,独活,防风,葛根,升麻#9g,川芎3g,苍术,炙草#9g,黄芪12g,白芷3g,黄连2g,黄柏3g
防风,羌活,藁本,升麻,干葛,川芎,苍术,白术#3g,麻黄,花椒,细辛,甘草#0．9g
防风,羌活,陈皮,人参,甘草#1．5g,藁本,青皮#0．9g,白豆蔻,黄柏#0．6g,升麻,柴胡,黄芪#3g
黄芪45g,白茯苓,熟地黄,肉桂,天冬,麻黄根,龙骨#30g,五味子,小麦,防风,当归,炙甘草#15g
羚羊角屑,防风,地骨皮,麦冬,茯神#30g,黄芩,枳壳,蕤仁,芒硝#15g,炙甘草22．5g,升麻22．5g,石膏60g
淡豆豉9g,羌活6g,防风4．5g,桔梗4．58,前胡3g,黄芩3g,苏叶2．4g,川芎2．4g,细辛1．5g,甘草1．5g,生姜6g,葱白2茎
赤芍药,黄连,防风#1．5g,铜绿,川花椒,归尾#3g,轻粉0．3g,羌活,五倍子#o．9g,荆芥1．8g,胆矾,明矾#0．09g
薄荷叶,藿香叶,荆芥穗,甘松,白芷,防风,川芎,桔梗,白僵蚕,炙甘草,藁本#30g,细辛15g
防风9g,柴胡,僵蚕,法夏,桔梗,前胡,独活#6g,荆芥,羌活,银花#4．5g,枳壳,粉草#3g,生姜3片
荆芥4．5g,防风6g,羌活3g,独活2．4g,前胡4．5g,柴胡3g,桔梗3g,玄参6g,茯苓3g,川芎3g,白芷6g,草节1．5g,皂刺4．5g
荆芥,连翘,防风,当归,川芎,白芍,柴胡,枳壳,黄芩,山栀,白芷,桔梗#等分,甘草减半
蔓荆子,甘菊花,通草,防风,羚羊角,犀角,石菖蒲#2．4g,细辛,白芷,川芎,藁本#18g,白术1．2g,黑豆135g
川芎,枳壳,乌药,白芷,陈皮#2．1g,桔梗,栀子,花粉#3g,防风,黄芩#2.4g,牛蒡子,玄参#3．6g,甘草1．5g
独活,人参,白茯苓,吴茱萸,炙甘草,炮干姜,陈皮,黄芪,肉桂,芍药,川芎,防风#30g,当归60g
细辛0．5g,jiu黄芩芩6g,白芷3．6g,防风2.4g,柴胡梢2．4g,川芎3g,荆芥2．1g,羌活2．18,甘草1．5g,蔓荆子0．9g,天麻2．1g,石膏4．5g,菊花2．1g
陈皮,半夏,茯苓,甘草,白芷,川芎,荆子#3g,羌活,防风,桂枝#2．4g,北细辛0．9g,苏叶1．2g,生姜1．5g
防风,苍术,白术,赤茯苓,陈皮,厚朴,猪苓,山栀,木通,泽泻,滑石#3g,甘草,薄桂#1g
荆芥穗,白僵蚕,甘草,防风#30g,天麻,川乌头,白附子,蝎梢,羌活,细辛,川芎,藿香#15g,薄荷90g
旋覆花30g,防风,吴白芷,甘菊花,天麻,天南星,禹白附,半夏,陈皮,川芎,蝎梢,僵蚕,石膏#30g
连翘1kg,黄芩1kg,生栀子1kg,薄荷1kg,防风1kg,玄参1kg,天花粉1kg,射干1kg,荆芥穗1kg,牛蒡子1kg,桔梗2kg,熟大黄250g,甘草1．5kg
荆芥9g,防风9g,牛蒡子9g,白蒺藜9g,蝉蜕4．5g,生地15g,丹参,赤芍,炒山栀,黄芩,银花,连翘#9g,生甘草6g
白芷,当归身,柴胡#0．6g,桂枝,升麻,防风,藁本,黄芪#0．9g,羌活1．5g,草豆蔻皮3g,麻黄4．5g,蝎梢少许,羊胫骨灰7．5g
生黄芪60g,白术,枣仁,熟地,当归,白芍,柏子仁,麻黄根#30g,五味子,防风,龙骨#15g,牡蛎粉45g,赤石脂36g
升麻,葛根#2．4g,防风,荆芥#1．5g,桔梗,薄荷,甘草#o．6g,牛蒡,连翘　前胡,杏仁,枳壳,木通,竹叶#2．4g
厚朴,苍术,羌活,防风,陈皮,枳实,香附,牛蒡子#3g,槟榔,白芷#2．4g,藿香,川芎#1．5g,细辛1．2g,甘草0．9g
羌活3g,荆芥,牛蒡子,防风,葛根,柴胡,赤芍,独活,白芷,前胡,川芎#2．4g,升麻,甘草#1．8g,薄荷2．1g
桔梗,甘草,柴胡,黄连,栀子,黄芩,防风,川芎,薄荷,葛根,黄柏,枳壳,天花粉,枇杷叶
防风,连翘,桔梗,当归,甘草,栀子,川芎,葛根,白芷,青黛,细辛#300g,大青叶,麻黄#600g,大黄30g
藁本7．5g,羚羊角,防风#30g,川芎,菊花,细辛,白术,人参,柴胡,白蒺藜,山栀子仁,白茯苓#15g,炙甘草,黄芩#7．5g
蔓荆子1．5g,荆芥穗1．5g,薄荷1．5g,熟石膏3g,白芷1.8g,生地3g,半夏1．5g,当归2.lg,甘草0．9g,藁本2．4g,旋覆花1．5g,明天麻2.4g,川芎15g,防风1．8g,细辛O．9g
苏梗15g,防风,干葛,枳壳,前胡,桔梗,桑白皮,杏仁,半夏,茯苓#9g,陈皮,川贝,羌活,黄芩#6g,甘草3g
当归,川芎,白芍药,熟地黄,羌活,独活,红花,牛膝,防风,白芷,家葛,升麻,甘草,柴胡,桃仁
牙皂105g,细辛105g,白芷,薄荷,广藿香,广木香#60g,枯矾458,苏合香,活贯众,制半夏,防风,桔梗,广皮#60g,腰黄朱砂#75g
茯神45g,山药,人参#60g,赤茯苓,防风,防己#45g,花椒30g,山茱萸45g,甘菊花,肉桂,细辛,川芎,贯众,白术#37．5g,干姜30g,甘草45g
独活,细辛,炮附子,甘菊花,麻黄,白芷,五味子,紫菀茸,赤茯苓,肉桂,白术,川芎,桑白皮,杏仁,防风#3g,炙甘草1．5g
苦桔梗,川黄连,枳实,前胡,连翘,陈皮,防风,制半夏,柴胡　南星,禹白附,牛蒡子,玄参,赤芍,莪术,甘草#等分
羌活2．25kg,黄芩3kg,连翘2．25kg,花粉3kg,桔梗2．25kg,玄参3kg,白芷1．5kg,葛根3kg,川芎1．5kg,大青叶3kg,柴胡1．5kg,牛蒡子3kg,赤芍1．5kg,淡竹叶3kg,防风1．5kg,甘草750g
生甘草,桔梗,归尾,花粉,山栀,甘葛,玄参,荆芥,川芎,连翘,人参,枳壳,茯苓,陈皮,防风,黄连
滑石60g,石膏60g,黄芩60g,桔梗60g,甘草60g,薄荷30g,荆芥30g,防风30g,川芎30g,当归30g,麻黄30g,连翘30g,白芍30g,大黄30g,芒硝30g,白术15g,黑山栀15g
厚朴,枳壳,茴香子,肉豆蔻,肉桂,白术#30g,丁香,荜澄茄,诃黎勒皮,没药,细辛,当归#15g,赤石脂,独活,天麻,防风#22．5g,川芎15g
白芍2．1g,黄芩4．5g,鲜生地6g,桔梗3g,荆芥1.5g,防风1．8g,栀子1．5g,僵蚕1．2g,黄柏2．1g,黄连1g,甘草1g,归尾1．5g,花粉1．8g,银花1．5g,山豆根1．5g,升麻1g,薄荷1g
黄连250g,大黄7．68kg,连翘2kg,薄荷,防风#1kg,旋覆花500g,黄芩,荆芥穗,栀子,桔梗#2kg,生石膏,黄柏#1kg,蔓荆子,白芷#2kg,甘草,川芎#1kg,菊花4kg
黄连,黄芩,黄柏,山栀子,连翘,薄荷,石膏,泽泻,赤芍药,大黄,枳壳,丹皮,玄参,桔梗,防风,赤茯苓,荆芥#等分
陈皮,青皮,黄连,木香#0．9g,人参,炙甘草,白芷,防风,黄柏,泽泻#1．5g,黄芪,苍术,升麻,知母,柴胡,羌活#3g,当归4．5g
川乌,防风,川芎,白僵蚕,荆芥,石膏,甘草#30g,禹白附,羌活,全蝎,白芷,天南星,天麻,地龙#15g,乳香,草乌,没药,雄黄#7．5g
黄芩,黄连#15g,人参,陈皮,玄参,甘草#9g,柴胡,桔梗#6g,连翘,牛蒡子,板蓝根,马勃#3g,白僵蚕,升麻#2．1g,防风,薄荷,川芎,当归#4.5g
白僵蚕9g,全蝉蜕12枚,广姜黄2．1g,防风3g,薄荷叶3g,荆芥穗,当归#3g,白芍3g,黄连3g,连翘3g,栀子3g,黄芩6g,桔梗6g,石膏18g,滑石9g,甘草3g,大黄6g,芒硝6g
沉香15g,牛膝,当归#90g,薏苡仁,白芷,川芎#60g,羌活,防风,赤芍,天麻,草乌,肉桂,干姜#30g,川乌1枚,丁皮,乳香,没药,木香#15g,木瓜90g
山药90g,当归,桂枝,曲,生地黄,豆黄卷#30g,甘草84g,人参21g,川芎,芍药,白术,麦冬,杏仁#18g,柴胡,桔梗,茯苓#15g,阿胶21g,干姜9g,白蔹6g,防风18g,大枣100枚
独活22．5g,汉防己30g,秦艽22．5g,黄芪15g,赤芍药15g,人参15g,茯神15g,白术15g,川芎15g,远志15g,石膏30g,川升麻15g,防风22．5g,丹参15g,炙甘草15g,天冬15g,薏苡仁15g,"羚羊角屑
22．5g",五加皮15g,生地黄22．5g,麻黄30g,地骨皮15g
防风600g,连翘1．2kg,山豆根,薄荷,川芎#300g,花粉,羌活,当归#600g,赤小豆300g,大青叶1．2kg,黄连600g,栀子,黄芩#1．2kg,升麻420g,荆芥,玄参#1．2kg,牛蒡子600g,滑石1．2kg,赤芍,"雄黄#
600g",柴胡300g,甘草1．2kg
生大黄,葛根#1kg,滑石,山楂#500g,神曲,木通,枳壳,黑栀,牵牛子,黄芩#250g,防风,荆芥,苏叶,龙胆草,苍术,羌活,草果,槟榔,厚朴,知母,车前子#120g,甘草60g,生姜25g
防风45g,石膏30g,川芎60g,滑石90g,当归75g,芍药45g,甘草60g,大黄15g,白术39g,连翘15g,荆芥穗15g,薄荷叶15g,麻黄15g,山栀子18g,黄芩30g,芒硝15g,桔梗,熟地黄,天麻,人参,羌活,"独
活#30g",黄连,黄柏,细辛#15g,全蝎15g
建曲,山楂炭,滑石,麦芽#120g,杏仁,陈皮#75g,葛根,青皮,乌药,薄荷,防风,香薷,藿香,黄芩,木通,苏梗,羌活,白扁豆,泽泻,苍术,白芷,苍耳,大黄,钩藤,半夏,枳壳,蔓荆子,槟榔,荆芥,甘草,独活#60g,川芎,升麻,柴胡,木瓜,大青叶#45g,草果仁,麻黄,细辛,厚朴,苏木#30g,鲜蒌180g
